CodigoApp;DNI
GOO4;22264532
APP1;50380807
APP2;50380807
ADE2;50981665
APP1;70774860
FUE4;70774860
FUE5;70774860
GOO4;80821581
GOO4;85400827
FUE3;85400827
FUE4;85400827
FUE5;85400827
APP1;87096610
APP3;87096610
ADE3;108899328
APP2;126006128
FUE3;138287416
FUE6;138287416
APP2;138829367
GOO4;173705077
APP2;187828724
APP3;187828724
FUE5;187828724
APP3;196479260
ADE2;196479260
ADE3;196479260
FUE3;200374355
FUE4;200374355
FUE6;200374355
GOO4;201528135
FUE4;201528135
FUE6;201528135
APP1;17628983K
APP3;17628983K
ADE2;3262376K
ADE3;3262376K
